question_id,min,max,deriv_ratio
10976,200.0,500000000.0,2500000.0
10978,75.0,100000.0,1333.3333333333333
10979,1.0,100000.0,100000.0
10975,7.0,196.0,1.0
10981,1.0,50.0,1.0
10977,,,
11039,22.0,20000.0,909.0909090909091
10982,1.0,5000000.0,5000000.0
